{"cameraMode":{"drawMode":0,"name":"Shaded","section":"Shading Mode"},"sceneLighting":true,"audioPlay":false,"sceneViewState":{"m_AlwaysRefresh":false,"showFog":true,"showSkybox":true,"showFlares":true,"showImageEffects":true,"showParticleSystems":true,"showVisualEffectGraphs":true,"m_FxEnabled":true},"in2DMode":false,"pivot":{"x":-1.3594443798065186,"y":5.133925914764404,"z":22.927452087402345},"rotation":{"x":0.27765342593193056,"y":0.6416960954666138,"z":-0.2689586877822876,"w":0.6624283194541931},"size":3.7904915809631349,"orthographic":true}