{"cameraMode":{"drawMode":0,"name":"Shaded","section":"Shading Mode"},"sceneLighting":true,"audioPlay":false,"sceneViewState":{"m_AlwaysRefresh":false,"showFog":true,"showSkybox":true,"showFlares":true,"showImageEffects":true,"showParticleSystems":true,"showVisualEffectGraphs":true,"m_FxEnabled":true},"in2DMode":false,"pivot":{"x":0.13214558362960816,"y":-15.341991424560547,"z":-2.772937774658203},"rotation":{"x":0.0067597925662994389,"y":0.9627017974853516,"z":-0.27640262246131899,"w":0.0010750482324510813},"size":35.287872314453128,"orthographic":false}