{"cameraMode":{"drawMode":0,"name":"Shaded","section":"Shading Mode"},"sceneLighting":false,"audioPlay":false,"sceneViewState":{"m_AlwaysRefresh":false,"showFog":true,"showSkybox":false,"showFlares":true,"showImageEffects":true,"showParticleSystems":true,"showVisualEffectGraphs":true,"m_FxEnabled":true},"in2DMode":false,"pivot":{"x":-3.836758852005005,"y":-0.9800002574920654,"z":-5.994967460632324},"rotation":{"x":0.0073649887926876549,"y":0.986142098903656,"z":-0.16719678044319154,"w":0.03278389573097229},"size":2.9607038497924806,"orthographic":false}